제목,회사명,위치,지원 링크
"Front-End Developer (HTML, CSS, Vue.js, Animation)",Limesharp,No office location,https://stackoverflow.com/jobs/132347
Frontend Software Engineer - VueJS,Mimacom,"Madrid, Spain",https://stackoverflow.com/jobs/524430
"Frontend Engineer - Junior to Senior - Vue.js, Go",Ezoic,"Carlsbad, CA",https://stackoverflow.com/jobs/427868
Lead Vue.js / PHP developer,HUBX,No office location,https://stackoverflow.com/jobs/397027
Vue Engineer at Openly - Insurtech,Openly,No office location,https://stackoverflow.com/jobs/519599
Vue.js Entwickler,Computer FuturesviaComputer Futures Solutions GmbH,No office location,https://stackoverflow.com/jobs/524475
"Full Stack Developer (VueJS, Ruby, Javascript)",Nurole Ltd,"London, UK",https://stackoverflow.com/jobs/331256
Frontenddeveloper with vue.js / Experienced with TDD and Docker,roadsurfer GmbH,"München, Deutschland",https://stackoverflow.com/jobs/504968
Senior Full-Stack Engineer (Vue/Node),Wisely,No office location,https://stackoverflow.com/jobs/405895
Full-Stack PHP (Laravel/Lumen) and Vue.js Developer,Scalable Path,No office location,https://stackoverflow.com/jobs/524297
Senior Full-Stack Web Developer (Vue & Node),Nanome Inc,No office location,https://stackoverflow.com/jobs/511761
Architect (Vue.js) - Remote 100%,Modus Create,No office location,https://stackoverflow.com/jobs/523815
"Full Stack Engineer (PHP, VueJS) - 100% US Remote",Modus Create,No office location,https://stackoverflow.com/jobs/526161
Webdeveloper for Backend (NodeJS) and Frontend (Vue) (m/f),RINGANA GmbH,"Wien, Österreich",https://stackoverflow.com/jobs/421723
Frontend Web Developer (Vue/React/Angular) - REMOTE,"Ciber Global, LLC",No office location,https://stackoverflow.com/jobs/522037
Senior Vue Developer,Cavai,No office location,https://stackoverflow.com/jobs/523315
"Full Stack Engineer - Junior to Senior - Vue.js, Go",Ezoic,"Carlsbad, CA",https://stackoverflow.com/jobs/427867
Senior Frontend Developer - Vue.js (Remote EU based),X-Team,No office location,https://stackoverflow.com/jobs/523725
VueJS Frontend Dev (remote friendly),Cycloid,"Paris, France",https://stackoverflow.com/jobs/457234
Senior Frontend Developer React/Angular/Vue,Sytac IT Consulting,"Amsterdam, Netherlands",https://stackoverflow.com/jobs/524937
"Full Stack Engineer - Vue.js, Angular, CSS, Java, J2EE - Remote USA",Lumen,"Herndon, VA",https://stackoverflow.com/jobs/525770
"Senior Software Engineer - Angular, React, Vue, etc. (online comparison portal)",Verivox GmbH,"Heidelberg, Germany",https://stackoverflow.com/jobs/485038
PHP Developer (Laravel | CakePHP | HTML5 | JS | Vue | Nuxt),Continued,No office location,https://stackoverflow.com/jobs/522977
Senior Frontend Developer (m/f/d) Vue,Laserhub GmbH,"Stuttgart, Deutschland",https://stackoverflow.com/jobs/513294
Senior Full Stack Laravel & Vue.js,Worksome ApS,"København, Denmark",https://stackoverflow.com/jobs/503422
Full Stack Engineer - Engagement Engineering,Apple,"Hyderabad, India",https://stackoverflow.com/jobs/472779
"Full Stack Developer (GraphQL, VueJS, Laravel) Office or Remote",Limesharp,"London, UK",https://stackoverflow.com/jobs/462636
"Senior Software Engineer - Go, Vue.js, Machine Learning",Ezoic,"Carlsbad, CA",https://stackoverflow.com/jobs/427866
Fullstack Developer Laravel / Vue,AirLST GmbH,"München, Deutschland",https://stackoverflow.com/jobs/261736
Front-end Software Engineer (Any Stack --> Vue),Kaizen Gaming (Stoiximan/Betano),"Athens, Greece",https://stackoverflow.com/jobs/497598
Lead Frontend Developer / Vue.js (m/f/x),refurbed,No office location,https://stackoverflow.com/jobs/483470
Frontend Entwickler (m/w/d) Vue.js/C# Krankenhausinformationssystem,Meierhofer AG,"München, Deutschland",https://stackoverflow.com/jobs/372319
Front-end Developer Vuejs,CareSend,No office location,https://stackoverflow.com/jobs/499953
Full Stack Vue.JS Pro...Who Wants to Dent the Universe,Digital Masterplanning,No office location,https://stackoverflow.com/jobs/523933
"Backend Developer PHP (m/w/d) in Leipzig, Halle (Saale) oder Dresden",Relaxdays GmbH,"Leipzig, Deutschland",https://stackoverflow.com/jobs/433896
Frontend Developer,AirLST GmbH,"München, Deutschland",https://stackoverflow.com/jobs/304709
Développeur Fullstack JAVA / Javascript (H/F),La Combe du Lion Vert,"Paris, France",https://stackoverflow.com/jobs/504197
Développeur Crafteur JAVA (H/F),La Combe du Lion Vert,"Paris, France",https://stackoverflow.com/jobs/499582
"Backend Developer C# (w/m/d) in Leipzig, Halle (Saale) oder Dresden",Relaxdays GmbH,"Leipzig, Deutschland",https://stackoverflow.com/jobs/433895
"Frontend Developer (m/w/d) in Leipzig, Halle (Saale) oder Dresden",Relaxdays GmbH,"Leipzig, Deutschland",https://stackoverflow.com/jobs/433898
"Software Architect ( Ionic,React)",Modus Create,No office location,https://stackoverflow.com/jobs/526247
Lead Scala Engineer,LeadIQ,No office location,https://stackoverflow.com/jobs/411387
Backend Engineer,Sytac IT Consulting,"Amsterdam, Netherlands",https://stackoverflow.com/jobs/524936
Team Lead Solutions Engineering (m/f/d),e-bot7 GmbH,"Munich, Germany",https://stackoverflow.com/jobs/524821
Senior Full-Stack Engineer (m/f/d),e-bot7 GmbH,"München, Germany",https://stackoverflow.com/jobs/500530
Engineering Manager,Carb Manager,"Seattle, WA",https://stackoverflow.com/jobs/525451
Senior Front End Engineer,Corvee,"Stafford, TX",https://stackoverflow.com/jobs/522962
DevOps Engineer,e-bot7 GmbH,"Munich, Germany",https://stackoverflow.com/jobs/526189
"Apple Media Products Engineering, Full-Stack Engineer (Ruby on Rails)",Apple,"Culver City, CA",https://stackoverflow.com/jobs/483455
"Senior JavaScript Backend Engineers (NodeJS, JSON, REST APIs)",Radical I/O Technology Inc.,"Vancouver, BC, Canada",https://stackoverflow.com/jobs/525307
Full Stack Engineer - Engagement Engineering,Apple,"Hyderabad, India",https://stackoverflow.com/jobs/472779
Ruby Developer,BusPatrol,"Stafford, TX",https://stackoverflow.com/jobs/523321
Front End Engineer,Amazon Web Services,"New York, NY",https://stackoverflow.com/jobs/499873
JavaScript Full Stack Engineer,"Full Beaker, Inc.","Bellevue, WA",https://stackoverflow.com/jobs/523838
Senior Mobile Engineers (Native iOS and/or Android),Radical I/O Technology Inc.,"Vancouver, BC, Canada",https://stackoverflow.com/jobs/525308
Senior Front-End Developer (m/f/d) - for legal tech startup in Berlin,DataGuard,"Berlin, Deutschland",https://stackoverflow.com/jobs/463805
Full Stack Javascript Software Engineer,SDVI,No office location,https://stackoverflow.com/jobs/254207
Senior Front-End Developer (m/f/d) - for legal tech startup in Munich,DataGuard,"München, Deutschland",https://stackoverflow.com/jobs/281206
Frontend Software Engineer,MindDoc Health GmbH,"München, Germany",https://stackoverflow.com/jobs/430334
Full-Stack Web Developer Java,WPS Management GmbH,"Paderborn, Deutschland",https://stackoverflow.com/jobs/125395
Backend Engineer,CareSend,No office location,https://stackoverflow.com/jobs/507973
Senior Full-Stack JavaScript Developer,Jibble,No office location,https://stackoverflow.com/jobs/526044
PHP Entwickler (Backend oder Full Stack)(m/w/d),WunschGutschein,"Düsseldorf, Deutschland",https://stackoverflow.com/jobs/365530
Senior Full-Stack PHP Developer,GeoPhy,"Den Haag, Netherlands",https://stackoverflow.com/jobs/523421
"Full-stack JS / C++ 3D Senior Engineers (Javascript, WebGL, UE4, Vulkan, ...)",4D Pipeline,No office location,https://stackoverflow.com/jobs/499619
Experienced  Full-stack Developer with a Python-Django preference!,Apicbase Belgium,No office location,https://stackoverflow.com/jobs/515716
Join us in our Sustainable Energy Revolution-Medior/ Senior full-stack developer,The Sustainables BV,"Amsterdam, Netherlands",https://stackoverflow.com/jobs/195349
Senior Backend/Fullstack Developer,Pensionera Förmedling i Sverige AB,"Stockholm, Sweden",https://stackoverflow.com/jobs/526102
"Frontend Software Engineer. Evangelist. Enthusiast (Java Script, HTML5) (m/f/x)",financial.com AG,"München, Deutschland",https://stackoverflow.com/jobs/285784
Senior Web Developer (Front-End),"Springbit, Inc.","Alpharetta, GA",https://stackoverflow.com/jobs/523610
Senior Full-Stack Django/Python Developer,"Share Edge, LLC","Manhattan Beach, CA",https://stackoverflow.com/jobs/501234
Senior Frontend Developer,ABOUT YOU GmbH & Co. KG,"Hamburg, Deutschland",https://stackoverflow.com/jobs/304349
Senior Front End Engineer,LeadIQ,Singapore,https://stackoverflow.com/jobs/523334
Front-end Engineer【Full-Remote work in Japan】,PayPay Corporation.,"Minato City, Japan",https://stackoverflow.com/jobs/292635
Senior Full Stack Developer,OnCall Health,"Toronto, ON, Canada",https://stackoverflow.com/jobs/522342
Full-Stack .NET/JS Engineer,MediKeeper,"San Diego, CA",https://stackoverflow.com/jobs/505268
Senior Front End Engineer,LeadIQ,Singapore,https://stackoverflow.com/jobs/523334
Front-end Engineer【Full-Remote work in Japan】,PayPay Corporation.,"Minato City, Japan",https://stackoverflow.com/jobs/292635
Software Architect / Code Reviewer / Mentor - Part-time,Arcanys,No office location,https://stackoverflow.com/jobs/485542
Frontend Web Developer (m/w/d),EyeC GmbH,"Hamburg, Deutschland",https://stackoverflow.com/jobs/408135
Lead Front-End Developer,UPowr Pty Ltd,"Sydney, Australia",https://stackoverflow.com/jobs/501472
"(Senior) Frontend Engineer (m/w/d), Köln oder Gütersloh",Schüttflix GmbH,"Cologne, Germany",https://stackoverflow.com/jobs/525579
Frontend Developer (m/f/d),WPS Management GmbH,"Paderborn, Deutschland",https://stackoverflow.com/jobs/293572
Senior Front End Software Developer,Backtracks,No office location,https://stackoverflow.com/jobs/523789
Frontend Developer (m/f/d) at Netdoktor,Hubert Burda Media,"München, Deutschland",https://stackoverflow.com/jobs/523979
Full Stack Senior/Mid-Level Software Engineer,Legna Software,"Winston-Salem, NC",https://stackoverflow.com/jobs/482933
Frontend Software Engineer (m/f/d) - Industrial Data Science and Software,Smart Steel Technologies GmbH,"Berlin, Germany",https://stackoverflow.com/jobs/307564
"Remote Senior Software Engineer, JavaScript",Verys,"Santa Ana, CA",https://stackoverflow.com/jobs/525760
Javascript Developer (React.js/Node.js),Imaginary Cloud,"Lisbon, Portugal",https://stackoverflow.com/jobs/525615
Web Frontend Developer with an eye for professional user experience (m/f/d),Ergosign,"Hamburg, Deutschland",https://stackoverflow.com/jobs/456764
Lead Full Stack Java Developer - Remote US,Lumen,No office location,https://stackoverflow.com/jobs/523482
Full-stack Software Engineer,Otta,"London, UK",https://stackoverflow.com/jobs/501766
Full Stack Engineer,LeadIQ,No office location,https://stackoverflow.com/jobs/522484
Frontend Developer (LATAM REMOTE),Arative Technologies,No office location,https://stackoverflow.com/jobs/512369
Frontend Entwickler (w/m/d),brandung GmbH & Co. KG,"Köln, Deutschland",https://stackoverflow.com/jobs/252522
(Senior) Full Stack Developer Fokus JavaScript (m/w/d) - Remote/deutschlandweit,IUBH Internationale Hochschule GmbH,No office location,https://stackoverflow.com/jobs/505619
Fullstack Java Developer,Centogene GmbH,"Rostock, Germany",https://stackoverflow.com/jobs/524813
Principal Software Engineer (Node.js + TypeScript),"Unanet, Inc.",No office location,https://stackoverflow.com/jobs/521113
Full Stack Engineer (m/w/d),MindDoc Health GmbH,"München, Deutschland",https://stackoverflow.com/jobs/525692
Frontend Developer (w/*/m),queo GmbH,"Dresden, Deutschland",https://stackoverflow.com/jobs/482918
PHP Developer for BLOX CMS,TownNews,"East Moline, IL",https://stackoverflow.com/jobs/431681
Senior Frontend Developer,Centogene GmbH,"Beograd, Serbia",https://stackoverflow.com/jobs/525830
Senior Full-Stack (Ruby on Rails and Javascript) Developer Human,"Dorsata, Inc.",No office location,https://stackoverflow.com/jobs/312462
Softwareentwickler / Software Engineer - Sensorsysteme (m/w/d),SICK AG,"Hamburg, Deutschland",https://stackoverflow.com/jobs/524827
Senior Frontend Engineer (f/m/d),real.digital,"Köln, Deutschland",https://stackoverflow.com/jobs/501205
Software Engineer,UpMetrics,No office location,https://stackoverflow.com/jobs/496289
Full Stack Engineer,LeadIQ,No office location,https://stackoverflow.com/jobs/522484
.NET Developer,Addison Group,"Nashville, TN",https://stackoverflow.com/jobs/521778
(Senior) Full Stack Developer Fokus JavaScript (m/w/d) - Remote/deutschlandweit,IUBH Internationale Hochschule GmbH,No office location,https://stackoverflow.com/jobs/505619
Frontend Software Engineer (m/f/d) - Industrial Data Science and Software,Smart Steel Technologies GmbH,"Berlin, Germany",https://stackoverflow.com/jobs/307564
Fullstack Java Developer,Centogene GmbH,"Rostock, Germany",https://stackoverflow.com/jobs/524813
Front End Technical Lead,Coda Payments,Singapore,https://stackoverflow.com/jobs/523195
DevOps Engineer,Youtility Solar,"Woods Cross, UT",https://stackoverflow.com/jobs/409581
Experienced Ruby Developer,SimplePay,No office location,https://stackoverflow.com/jobs/516780
Senior Backend JS Engineer (Remote),X-Team,No office location,https://stackoverflow.com/jobs/489602
Senior Software Engineer I at Interactive Benefits Communications Platform,The Jellyvision Lab Inc.,No office location,https://stackoverflow.com/jobs/500471
Software Engineer (Backend),Fei Siong Food Management Pte. Ltd.,Singapore,https://stackoverflow.com/jobs/512398
Backend Node.js Developer (LATAM REMOTE),Arative Technologies,No office location,https://stackoverflow.com/jobs/512370
"Software Engineer, Frontend (Remote)",Brex,No office location,https://stackoverflow.com/jobs/525275
Senior/Lead Software Engineer,CV Partner,"London, UK",https://stackoverflow.com/jobs/471140
Full-stack Software Developer,Dryden Group,No office location,https://stackoverflow.com/jobs/526236
Frontend Developer (Remote),Soshace LLC,No office location,https://stackoverflow.com/jobs/516945
Full Stack Engineer (m/w/d),MindDoc Health GmbH,"München, Deutschland",https://stackoverflow.com/jobs/525692
Frontend Engineer,LiveSchool Inc.,No office location,https://stackoverflow.com/jobs/517128
Fullstack Developer,Smart Energy Lab,"Lisbon, Portugal",https://stackoverflow.com/jobs/465125
Front End Developer (f/m/d),Receeve GmbH,"Hamburg, Deutschland",https://stackoverflow.com/jobs/505603
"full-stack web developer (node.js, typescript)",code d'azur,"Amsterdam, Netherlands",https://stackoverflow.com/jobs/522428
Cloud Software Engineer Fullstack,Franke Kaffeemaschinen AG,"Aarburg, Schweiz",https://stackoverflow.com/jobs/436902
Front-End Developer,Imaginary Cloud,"Lisbon, Portugal",https://stackoverflow.com/jobs/523146
Full-Stack Software Engineer,Captivation Software,"Fort Meade, MD",https://stackoverflow.com/jobs/525427
Frontend Developer,Slimmer AI,"Groningen, Netherlands",https://stackoverflow.com/jobs/519997
Senior Java Developer who wants to make a difference!,O'Reilly Auto Parts,No office location,https://stackoverflow.com/jobs/514476
Senior Frontend Developer,Quant,"London, UK",https://stackoverflow.com/jobs/517291
Softwareentwickler Javascript/React (m/w/d),HELM-Software,"Ladenburg, Deutschland",https://stackoverflow.com/jobs/507612
Full Stack Developer (m/w/d) - modern technology,kernpunkt Digital GmbH,No office location,https://stackoverflow.com/jobs/525612
Senior Frontend Developer,Centogene GmbH,"Beograd, Serbia",https://stackoverflow.com/jobs/525830
Full Stack Java Developer,Lumen,"Town and Country, MO",https://stackoverflow.com/jobs/524063
Frontend Developer (w/*/m),queo GmbH,"Dresden, Deutschland",https://stackoverflow.com/jobs/482918
Senior Node/React Full-Stack Developer,"Gorilla Logic, Inc.",No office location,https://stackoverflow.com/jobs/523491
Team Lead Engineering (f/m/d),Receeve GmbH,"Hamburg, Deutschland",https://stackoverflow.com/jobs/521770
Senior Front-End (FE) Developer,springbig inc.,"Boca Raton, FL",https://stackoverflow.com/jobs/525766
Frontend-Developer (m/f/d),TOPdesk,"Kaiserslautern, Deutschland",https://stackoverflow.com/jobs/465950
Webentwickler (m/w/d),MDM Münzhandelsgesellschaft mbH & Co. KG,"Braunschweig, Deutschland",https://stackoverflow.com/jobs/515464
Senior Go Engineer at Openly - Insurtech,Openly,No office location,https://stackoverflow.com/jobs/500599
Full Stack Javascript Developer (m/w/d),Klassik Radio AG,"Augsburg, Deutschland",https://stackoverflow.com/jobs/474719
Staff Software Engineer (Front End) - Level 4,Addison Group,No office location,https://stackoverflow.com/jobs/517396
Scientific Full-Stack Developer (m/f/d),BASF,"Ludwigshafen am Rhein, Deutschland",https://stackoverflow.com/jobs/523972
Software Developer (Java),Surevine,"Cheltenham, UK",https://stackoverflow.com/jobs/525706
.NET Developer,Addison Group,"Nashville, TN",https://stackoverflow.com/jobs/521778
Senior Full Stack Engineer,Addison Group,No office location,https://stackoverflow.com/jobs/498138
Scientific Full-Stack Developer (m/f/d),BASF,"Ludwigshafen am Rhein, Deutschland",https://stackoverflow.com/jobs/523972
Front End Developer (f/m/d),Receeve GmbH,"Hamburg, Deutschland",https://stackoverflow.com/jobs/505603
Senior Frontend Engineer - Databento (Fully Remote),Unusual Ventures,No office location,https://stackoverflow.com/jobs/524277
Cloud Software Engineer Fullstack,Franke Kaffeemaschinen AG,"Aarburg, Schweiz",https://stackoverflow.com/jobs/436902
Senior Ruby on Rails Developer - Solve interesting problems from home!,Ascent,No office location,https://stackoverflow.com/jobs/503122
Frontend Developer,Slimmer AI,"Groningen, Netherlands",https://stackoverflow.com/jobs/519997
Senior Frontend Developer,Quant,"London, UK",https://stackoverflow.com/jobs/517291
Frontend-Developer (m/f/d),TOPdesk,"Kaiserslautern, Deutschland",https://stackoverflow.com/jobs/465950
Remote-first: (Senior) Frontend-Engineer (m/w/d),Beyond Interfaces GmbH & Co. KG,"Cologne, Germany",https://stackoverflow.com/jobs/522734
Senior Java Developer who wants to make a difference!,O'Reilly Auto Parts,No office location,https://stackoverflow.com/jobs/514476
Webentwickler (m/w/d),MDM Münzhandelsgesellschaft mbH & Co. KG,"Braunschweig, Deutschland",https://stackoverflow.com/jobs/515464
Full Stack Developer (m/w/d) - modern technology,kernpunkt Digital GmbH,No office location,https://stackoverflow.com/jobs/525612
Softwareentwickler Javascript/React (m/w/d),HELM-Software,"Ladenburg, Deutschland",https://stackoverflow.com/jobs/507612
(Senior) Full Stack Developer with focus on PHP (m/f/d) - Full-/Part-time,IUBH Internationale Hochschule GmbH,No office location,https://stackoverflow.com/jobs/505623
Frontend Developer,Frequenz Energy-as-a-Service GmbH,"Berlin, Germany",https://stackoverflow.com/jobs/492897
Software Engineer,"PWNHealth, LLC","New York, NY",https://stackoverflow.com/jobs/500265
Backend developer to build robust systems with Kotlin,Shape A/S,"København, Denmark",https://stackoverflow.com/jobs/370009
Senior Full Stack Developer,Dash HudsonviaAlongside,"Halifax, NS, Canada",https://stackoverflow.com/jobs/515562
Hackers wanted - Software Engineers & Machine Learning Expert (m/f/d),freiheit.com technologies,"Hamburg, Deutschland",https://stackoverflow.com/jobs/165266
Project Developer JavaScript,FactSet,"Frankfurt am Main, Germany",https://stackoverflow.com/jobs/525854
Frontend Engineer (f/m/d),VoiceLine,"Munich, Germany",https://stackoverflow.com/jobs/522164
Full Stack Developer (m/w/d),MDM Münzhandelsgesellschaft mbH & Co. KG,"Braunschweig, Deutschland",https://stackoverflow.com/jobs/515463
Senior Software Engineer,Patron Technology,No office location,https://stackoverflow.com/jobs/522009
(Senior) Frontend Software Engineer (m/f/d),Charles GmbH,"Berlin, Germany",https://stackoverflow.com/jobs/499379
Staff Software Engineer (Front End) - Level 4,Addison Group,No office location,https://stackoverflow.com/jobs/517396
Join the Crew – Passionate Senior Software Engineer (all genders),Spaceteams GmbH,"Hamburg, Germany",https://stackoverflow.com/jobs/521940
Senior Software Engineer,Patron Technology,No office location,https://stackoverflow.com/jobs/522009
(Senior) Frontend Software Engineer (m/f/d),Charles GmbH,"Berlin, Germany",https://stackoverflow.com/jobs/499379
Staff Software Engineer (Front End) - Level 4,Addison Group,No office location,https://stackoverflow.com/jobs/517396
Frontend Engineer (Team Funda in Business),funda,"Amsterdam, Netherlands",https://stackoverflow.com/jobs/523402
Frontend Developer,SUSE,No office location,https://stackoverflow.com/jobs/524557
Front End Engineer,Everli,No office location,https://stackoverflow.com/jobs/523319
Frontend developer (NextJS/React) with a passion for open source,5 Monkeys Agency ABvia5 Monkeys Agency AB,"Stockholm, Sweden",https://stackoverflow.com/jobs/518074
Web Developer (m/f/d),Ravensburger AG,"Seattle, WA, USA",https://stackoverflow.com/jobs/497853
Full-Stack Technical Lead,SSENSE,"Montreal, QC, Canada",https://stackoverflow.com/jobs/521742
Senior Software Developer / Team Lead,Creative Mines,"Madison, WI",https://stackoverflow.com/jobs/500244
Senior Full Stack Engineer,Addison Group,No office location,https://stackoverflow.com/jobs/498138
Open Source Software Engineer,"ProgressiveviaProgressive, ein Geschäftszweig der SThree GmbH",No office location,https://stackoverflow.com/jobs/504205
Junior Project Developer JavaScript,FactSet,"Frankfurt am Main, Germany",https://stackoverflow.com/jobs/525860
Full Stack Developer (m/w/d),"Sthree GmbHviaProgressive, ein Geschäftszweig der SThree GmbH","Dortmund, Deutschland",https://stackoverflow.com/jobs/524038
Senior Fullstack Developer,Cunexus,No office location,https://stackoverflow.com/jobs/524885
PHP Developer (w/*/m),queo GmbH,"Dresden, Deutschland",https://stackoverflow.com/jobs/399160
Software Developer,uShip,"Austin, TX",https://stackoverflow.com/jobs/521897
*REMOTE* Senior Kotlin (Java) Backend Engineer (m/w/d) TVNOW Streaming Plattform,"AVANTGARDE - ""Creating Fans""",No office location,https://stackoverflow.com/jobs/468935
Software Developer - Frontend Analytics,RaySearch Laboratories AB (publ),"Stockholm, Sweden",https://stackoverflow.com/jobs/524974
Java Developer with a lot of freedom in your job,TOPdesk,"Delft, Netherlands",https://stackoverflow.com/jobs/425992
Front End Software Engineer,Buxton,No office location,https://stackoverflow.com/jobs/492568
"Software Engineer (Remote Only, US)",Osso VR,No office location,https://stackoverflow.com/jobs/462304
Gatsby with Typescript got your attention?,Brainbase,No office location,https://stackoverflow.com/jobs/519595
(Senior) Full Stack Developer with focus on PHP (m/f/d) - Full-/Part-time,IUBH Internationale Hochschule GmbH,No office location,https://stackoverflow.com/jobs/505623
JavaScript Engineer for our ecommerce storefront  (f/m/d),ePages GmbH,"Hamburg, Germany",https://stackoverflow.com/jobs/123431
Full-Stack Technical Lead,SSENSE,"Ottawa, ON, Canada",https://stackoverflow.com/jobs/521743
Full-Stack Technical Lead,SSENSE,"Montreal, QC, Canada",https://stackoverflow.com/jobs/521742
Senior Software Developer / Team Lead,Creative Mines,"Madison, WI",https://stackoverflow.com/jobs/500244
Senior Full Stack Developer/ Team Lead,Creative Mines,"Minneapolis, MN",https://stackoverflow.com/jobs/500268
Front End Software Engineer,Buxton,No office location,https://stackoverflow.com/jobs/492568
Senior Fullstack Developer,Cunexus,No office location,https://stackoverflow.com/jobs/524885
PHP Developer (w/*/m),queo GmbH,"Dresden, Deutschland",https://stackoverflow.com/jobs/399160
"Senior Software Engineer – AWS, NodeJS, Serverless",LifeOmic,"Indianapolis, IN",https://stackoverflow.com/jobs/519002
Mobile APP Developers - Leading Electronics Company,Pyronix,"Doncaster, UK",https://stackoverflow.com/jobs/524940
Full Stack Web Developer,Bloomreach,"Amsterdam, Netherlands",https://stackoverflow.com/jobs/487279
Senior .Net Web Developer (Remote),BlueModus,No office location,https://stackoverflow.com/jobs/525448
Software Developer - Frontend Analytics,RaySearch Laboratories AB (publ),"Stockholm, Sweden",https://stackoverflow.com/jobs/524974
Java Developer with a lot of freedom in your job,TOPdesk,"Delft, Netherlands",https://stackoverflow.com/jobs/425992
Gatsby with Typescript got your attention?,Brainbase,No office location,https://stackoverflow.com/jobs/519595
Software Engineer – React,LifeOmic,"Indianapolis, IN",https://stackoverflow.com/jobs/519007
Senior Ruby on Rails Developer - Solve interesting problems from home!,Ascent,No office location,https://stackoverflow.com/jobs/503122
"Senior Software Engineer, UI- Pet Health- R8094","Chewy, Inc.","Minneapolis, MN",https://stackoverflow.com/jobs/513973
"Senior Software Engineer, UI - Pet Health-R8094","Chewy, Inc.","Boston, MA",https://stackoverflow.com/jobs/513971
Senior Backend Developer,Soul Machines Limited,"Auckland, New Zealand",https://stackoverflow.com/jobs/503102
Development Manager / Principal Developer,SilverDoor,"London, UK",https://stackoverflow.com/jobs/526195
Full stack developer,Online Partner AB,"Hägersten, Sweden",https://stackoverflow.com/jobs/339146
Software Engineer – Java (m/f/d),ProSiebenSat.1 Media SE,"München, Deutschland",https://stackoverflow.com/jobs/506407
Softwareentwickler (m/w/d) Web Frontend - Remote oder vor Ort,dsb ebusiness,"Frankfurt am Main, Deutschland",https://stackoverflow.com/jobs/521137
UI Developer,"Confluence Technologies, Inc.","London, UK",https://stackoverflow.com/jobs/521992
Full Stack Web Developer,Bloomreach,"Amsterdam, Netherlands",https://stackoverflow.com/jobs/487279
Full-Stack Technical Lead,SSENSE,"Ottawa, ON, Canada",https://stackoverflow.com/jobs/521743
Full stack developer,Online Partner AB,"Hägersten, Sweden",https://stackoverflow.com/jobs/339146
Backend developer to build robust systems with Kotlin,Shape A/S,"København, Denmark",https://stackoverflow.com/jobs/370009
Software Engineer – Java (m/f/d),ProSiebenSat.1 Media SE,"München, Deutschland",https://stackoverflow.com/jobs/506407
Senior Full Stack Developer/ Team Lead,Creative Mines,"Hancock, MI",https://stackoverflow.com/jobs/500245
Senior Web UI Engineer (Contract),Demand.io,"Los Angeles, CA",https://stackoverflow.com/jobs/523582
Experienced Fullstack PHP/Symfony Developer,roadsurfer GmbH,"München, Deutschland",https://stackoverflow.com/jobs/497587
Ruby/Java/Pyhton/PHP Developper - Permanent / Full time,Steeple,"Rennes, France",https://stackoverflow.com/jobs/522419
Senior Software Engineer (Front End preference),Higher Logic,No office location,https://stackoverflow.com/jobs/523784
Desenvolvimento Python,Ambev Tech,No office location,https://stackoverflow.com/jobs/526239
Hackers wanted - Software Engineers & Machine Learning Expert (m/f/d),freiheit.com technologies,"Hamburg, Deutschland",https://stackoverflow.com/jobs/165266
Frontend Developer / Headless Expert,Magnolia International Ltd.,No office location,https://stackoverflow.com/jobs/525573
Site Reliability Engineer / Full Stack Developer (w/m/d) eCommerce,mobilcom-debitel GmbH,"Hamburg, Deutschland",https://stackoverflow.com/jobs/526175
"Awesome Full-Stack Software Engineer - Java, Python, JavaScript (Fully Cleared)",Erias Ventures,"Annapolis Junction, MD",https://stackoverflow.com/jobs/432032
Backend Engineer,Alice,"São Paulo, Brazil",https://stackoverflow.com/jobs/513756
Software Developer - Focused on PHP (f/m/d),CA Customer Alliance GmbH,"Berlin, Germany",https://stackoverflow.com/jobs/423543
Ruby on Rails Developer,Jobandtalent,"Madrid, Spain",https://stackoverflow.com/jobs/524700
Project Developer JavaScript,FactSet,"Frankfurt am Main, Germany",https://stackoverflow.com/jobs/525854
Development Manager / Principal Developer,SilverDoor,"London, UK",https://stackoverflow.com/jobs/526195
Frontend Web Developer,Hatfield Media,"Louisville, KY",https://stackoverflow.com/jobs/519272
Front-end Developer,Worksome ApS,"København, Denmark",https://stackoverflow.com/jobs/520009
Senior Software Engineer - Front End,Keap,No office location,https://stackoverflow.com/jobs/492300
Fullstack Engineer – Live Engagement,SpotMe,No office location,https://stackoverflow.com/jobs/522025
Senior Frontend Developer (f/m/diverse),Eurowings Digital GmbH,"Köln, Deutschland",https://stackoverflow.com/jobs/410393
Software-Developer (m/w/d) für den Bereich Schuldigitalisierung,IServ GmbH,"Braunschweig, Deutschland",https://stackoverflow.com/jobs/525699
Software Engineer (m/w/d),wearTell Deutschland GmbH,"Hamburg, Deutschland",https://stackoverflow.com/jobs/518590
Desenvolvimento C#,Ambev Tech,No office location,https://stackoverflow.com/jobs/490133
Senior UI Software Engineer,VIZIO,"Denver, CO",https://stackoverflow.com/jobs/522671
Software Developer - Frontend Analytics,RaySearch Laboratories AB (publ),"Stockholm, Sweden",https://stackoverflow.com/jobs/524974
Experienced Rails Engineer to Simplify Life Insurance,BackNine Insurance,No office location,https://stackoverflow.com/jobs/495701
Software Engineer für ein digitales Immobilien Spin-Off,Union Investment Real Estate Digital GmbH,"Hamburg, Deutschland",https://stackoverflow.com/jobs/497837
Java Developer with a lot of freedom in your job,TOPdesk,"Delft, Netherlands",https://stackoverflow.com/jobs/425992
Senior Software Engineer,Enovational,"Washington, DC",https://stackoverflow.com/jobs/420640
Frontend/Mobile Developer (m/w/d),CtrlMovie AG,"Stuttgart, Deutschland",https://stackoverflow.com/jobs/380076
Software-Entwickler (m/w/d) Web,inevvo solutions GmbH & Co. KG,"Niedernhall, Deutschland",https://stackoverflow.com/jobs/524609
"Web-Developer (m,w,d)",v-Office,No office location,https://stackoverflow.com/jobs/517293
Frontend Developer / Headless Expert,Magnolia International Ltd.,No office location,https://stackoverflow.com/jobs/525573
CMS-Entwickler/in (w/m/d),Stadt Nürnberg,"Nürnberg, Deutschland",https://stackoverflow.com/jobs/524978
"Senior Software Engineer, UI- Pet Health- R8094","Chewy, Inc.","Minneapolis, MN",https://stackoverflow.com/jobs/513973
"Senior Software Engineer, UI - Pet Health-R8094","Chewy, Inc.","Boston, MA",https://stackoverflow.com/jobs/513971
Backend Engineer,Alice,"São Paulo, Brazil",https://stackoverflow.com/jobs/513756
Software Engineer – React,LifeOmic,"Indianapolis, IN",https://stackoverflow.com/jobs/519007
product software engineer,AE nv/sa,"Leuven, Belgium",https://stackoverflow.com/jobs/523550
Test Automation Engineer,Imaginary Cloud,"Lisbon, Portugal",https://stackoverflow.com/jobs/524845
Desenvolvedor(a) Full Stack,Globo,"Rio de Janeiro, Brazil",https://stackoverflow.com/jobs/519618
Platform Engineer,Blackshark.ai GmbH,"Graz, Austria",https://stackoverflow.com/jobs/507976
Full-Stack Developer (m/w/d),dtms GmbH,"Mainz, Germany",https://stackoverflow.com/jobs/515499
Engineering Manager (Remote),Science Suite Inc. (BioRender),"Toronto, ON, Canada",https://stackoverflow.com/jobs/518179
Solution Architect,Enovational,"Washington, DC",https://stackoverflow.com/jobs/420637
Full Stack Technical Lead: remote + get-togethers nr. Bristol,EpimorphicsviaTechfolk Ltd,"Bristol, UK",https://stackoverflow.com/jobs/523220
Full Stack Software Engineer - Mobile Healthcare,Medsphere,No office location,https://stackoverflow.com/jobs/406291
Front-End Software Engineer,HENNGE K.K.,"Tokyo, Japan",https://stackoverflow.com/jobs/381280
Senior Software Engineer - Ruby - Telehealth / Telemedicine,VisuWell,"Nashville, TN",https://stackoverflow.com/jobs/524142
Full Stack Software Engineer,iKhokha,"Umhlanga, South Africa",https://stackoverflow.com/jobs/302216
Senior Full-Stack Developer / Engineer (Secure Comms),SaltDNA,"Belfast, UK",https://stackoverflow.com/jobs/467740
Hackers wanted - Software Engineer & Machine Learning Expert (m/f/d),freiheit.com technologies,"Lissabon, Portugal",https://stackoverflow.com/jobs/254089
Senior Frontend Developer,Graph Aware Limited,No office location,https://stackoverflow.com/jobs/505282
Senior Software Engineer (Node),"Jack Henry & Associates, Inc.®",No office location,https://stackoverflow.com/jobs/471201
(Senior) Web/Mobile Developer (m/w/d),Lotum GmbH,"Frankfurt am Main, Deutschland",https://stackoverflow.com/jobs/372988
Senior Full Stack Developer,Servian,"Brisbane City, Australia",https://stackoverflow.com/jobs/427870
Enterprise Software Developer,Dreamscape Immersive,"Culver City, CA",https://stackoverflow.com/jobs/525659
Front end Data Visualisation Engineer,Neo4j,"London, UK",https://stackoverflow.com/jobs/501802
Senior Full Stack Engineer - Cyber Security,Myra Security GmbH,"München, Deutschland",https://stackoverflow.com/jobs/466848
Teamleiter / Senior Java Entwickler (m/w),UNIQA Raiffeisen Software Service Kft.,"Budapest, Ungarn",https://stackoverflow.com/jobs/515491
Cloud Softwareentwickler für IOT-Produkte,Paessler AG,"Nürnberg, Deutschland",https://stackoverflow.com/jobs/412301
Web Frontend Developer (m/w/d),Einhell Germany AG,"Landau an der Isar, Deutschland",https://stackoverflow.com/jobs/518585
Desenvolvimento C#,Ambev Tech,No office location,https://stackoverflow.com/jobs/490133
Senior Ruby on Rails Engineer,Hubstaff,No office location,https://stackoverflow.com/jobs/526135
Experienced Rails Engineer to Simplify Life Insurance,BackNine Insurance,No office location,https://stackoverflow.com/jobs/495701
Software Engineer für ein digitales Immobilien Spin-Off,Union Investment Real Estate Digital GmbH,"Hamburg, Deutschland",https://stackoverflow.com/jobs/497837
Frontend Web Developer,Skillhouse Staffing Solutions,"Tokyo, Japan",https://stackoverflow.com/jobs/470540
Tech Lead with a back-end profile,Novo Nordisk A/S,"Søborg, Denmark",https://stackoverflow.com/jobs/525324
Frontend Engineer,aklamio,"Berlin, Germany",https://stackoverflow.com/jobs/525684
Zwei Webentwickler Python/Django (w/m/d),Rheinwerk Verlag GmbH,"Bonn, Germany",https://stackoverflow.com/jobs/516382
(Senior) Web/Mobile Developer (m/w/d),Lotum GmbH,"Frankfurt am Main, Deutschland",https://stackoverflow.com/jobs/372988
Test Automation Engineer,Imaginary Cloud,"Lisbon, Portugal",https://stackoverflow.com/jobs/524845
product software engineer,AE nv/sa,"Leuven, Belgium",https://stackoverflow.com/jobs/523550
Fullstack Entwickler (m/w/d) in Hamburg,Computer FuturesviaComputer Futures Solutions GmbH,"Hamburg, Germany",https://stackoverflow.com/jobs/522732
Teamleiter / Senior Java Entwickler (m/w),UNIQA Raiffeisen Software Service Kft.,"Budapest, Ungarn",https://stackoverflow.com/jobs/515491
Cloud Softwareentwickler für IOT-Produkte,Paessler AG,"Nürnberg, Deutschland",https://stackoverflow.com/jobs/412301
"Full Stack JavaScript Developer and Consultant (Full time, Remote)",Bitovi,"Chicago, IL",https://stackoverflow.com/jobs/524260
Front End Developer,Agentur LOOP New Media GmbH,"Salzburg, Österreich",https://stackoverflow.com/jobs/107462
Senior Full-Stack Developer / Engineer (Secure Comms),SaltDNA,"Belfast, UK",https://stackoverflow.com/jobs/467740
Tech Lead with a back-end profile,Novo Nordisk A/S,"Søborg, Denmark",https://stackoverflow.com/jobs/525324
"Lead Polyglot Software Engineers – TDD, XP, JavaScript",Pragmateam,"Sydney, Australia",https://stackoverflow.com/jobs/519292
Frontend Developer (m/w/d),RheinEnergie AG,"Köln, Deutschland",https://stackoverflow.com/jobs/506045
Back-End Developer,Imaginary Cloud,"Lisbon, Portugal",https://stackoverflow.com/jobs/524844
Full-Stack Developer (m/w/d),BRAINPOOL TV GmbH,"Köln, Deutschland",https://stackoverflow.com/jobs/520654
Senior Software Engineer Web Front-end (m/w/d),ti&m AG,"Frankfurt am Main, Deutschland",https://stackoverflow.com/jobs/522396
(Senior) Backend Engineer (all genders),Goodgame Studios,"Hamburg, Deutschland",https://stackoverflow.com/jobs/526047
Software Developer,AbCellera,"Vancouver, BC, Canada",https://stackoverflow.com/jobs/508359
Senior Frontend Developer 100%,at-point ag,"Zürich, Switzerland",https://stackoverflow.com/jobs/519610
Software Engineer,Applied,No office location,https://stackoverflow.com/jobs/516009
Full Stack Developer Mobile Gaming (m/w/d),Lotum GmbH,"Bad Nauheim, Deutschland",https://stackoverflow.com/jobs/372990
Senior Java fejlesztő,UNIQA Raiffeisen Software Service Kft.,"Budapest, Ungarn",https://stackoverflow.com/jobs/515490
Senior Full Stack Engineer - Cyber Security,Myra Security GmbH,"München, Deutschland",https://stackoverflow.com/jobs/466848
(Senior) Fullstack Developer (m/w/d),tarent solutions GmbH,"Bonn, Deutschland",https://stackoverflow.com/jobs/494511
Front end Data Visualisation Engineer,Neo4j,"London, UK",https://stackoverflow.com/jobs/501802
Frontend Developer,OxylabsviaInvest Lithuania,"Vilnius, Lithuania",https://stackoverflow.com/jobs/524482
Software Developer,AbCellera,"Vancouver, BC, Canada",https://stackoverflow.com/jobs/508359
(Senior) Backend Engineer (all genders),Goodgame Studios,"Hamburg, Deutschland",https://stackoverflow.com/jobs/526047
Software Engineer,Applied,No office location,https://stackoverflow.com/jobs/516009
(Senior) Web/Mobile Developer (m/w/d),Lotum GmbH,"Frankfurt am Main, Deutschland",https://stackoverflow.com/jobs/372988
Full Stack Developer Mobile Gaming (m/w/d),Lotum GmbH,"Bad Nauheim, Deutschland",https://stackoverflow.com/jobs/372990
Senior Full Stack Engineer - Cyber Security,Myra Security GmbH,"München, Deutschland",https://stackoverflow.com/jobs/466848
Javascript WebRTC Developer,Roll20,"Seattle, WA",https://stackoverflow.com/jobs/517546
Information Security Developer,Computer FuturesviaComputer Futures US,"Alpharetta, GA",https://stackoverflow.com/jobs/525586
DevOps Engineer,Imaginary Cloud,"Lisbon, Portugal",https://stackoverflow.com/jobs/522959
Front end Data Visualisation Engineer,Neo4j,"London, UK",https://stackoverflow.com/jobs/501802
SW-Entwickler C#/.NET und Web-Entwicklung (m/w/d) unseres Produktes Visit,ASTRUM IT GmbH,"Erlangen, Deutschland",https://stackoverflow.com/jobs/485931
iOS Developer,"Ciber Global, LLC","Orlando, FL",https://stackoverflow.com/jobs/518630
Senior Ruby on Rails Engineer,Hubstaff,No office location,https://stackoverflow.com/jobs/526135
Senior Fullstack Developer - Java / Kotlin / Javascript,teckro,"Dublin 2, Ireland",https://stackoverflow.com/jobs/401733
Senior Software Engineer,Outschool,No office location,https://stackoverflow.com/jobs/406476
Software Development Engineer in Test,SDVI,No office location,https://stackoverflow.com/jobs/219487
Full Stack Developer,Independent Community Bankers of America,"Washington, DC",https://stackoverflow.com/jobs/524771
Fullstack Software-Entwickler (m/w/d),Heise Knowledge GmbH & Co. KG,"Hannover, Deutschland",https://stackoverflow.com/jobs/522409
Frontend Entwickler (m/w/d),MT AG - enabling the adaptive enterprise,"Ratingen, Deutschland",https://stackoverflow.com/jobs/518379
Senior Fullstack Software Engineer (Java),Zuhlke Engineering Hongkong,Hong Kong,https://stackoverflow.com/jobs/432674
Senior Frontend Developer (f/m/d),1&1 Mail & Media Applications SE - WEB.DE | GMX | 1&1 | mail.com,"Karlsruhe, Deutschland",https://stackoverflow.com/jobs/506390
Web-Developer (m/w/d),iMi digital GmbH,"Eltville am Rhein, Deutschland",https://stackoverflow.com/jobs/516322
Software-Entwickler (m/w/d) mit Schwerpunkt Web-Anwendungen im Java-Umfeld,topdev GmbH,"Erfurt, Deutschland",https://stackoverflow.com/jobs/520032
Fullstackutvecklande Cygnian,Cygni,"Stockholm, Sweden",https://stackoverflow.com/jobs/447405
E-commerce und Plugin / Theme Entwickler (m/w/d),SOLIT Management GmbH,"Wiesbaden, Deutschland",https://stackoverflow.com/jobs/518171
Software Developer,AbCellera,"Vancouver, BC, Canada",https://stackoverflow.com/jobs/508359
Full Stack Engineer,SimpleNexus LLC,No office location,https://stackoverflow.com/jobs/523006
Support Engineer,SDVI,No office location,https://stackoverflow.com/jobs/492303
Senior Fullstack Engineer (React.js/Angular.js & Node.js),UK Home Office,"Sheffield, UK",https://stackoverflow.com/jobs/524988
Full Stack Engineer,Deepgram,"San Francisco, CA",https://stackoverflow.com/jobs/430520
Senior Frontend Developer,WirelessCar,"Göteborg, Sweden",https://stackoverflow.com/jobs/521149
Head of Engineering - Remote,Black Spectacles,"Chicago, IL",https://stackoverflow.com/jobs/488075
Tech Lead,Everli,No office location,https://stackoverflow.com/jobs/523991
Java Software Developer,Vattenfall,"Amsterdam, Netherlands",https://stackoverflow.com/jobs/514260
Software Engineering Manager,ACV Auctions,"Buffalo, NY",https://stackoverflow.com/jobs/517049
Software Entwickler Java (w/m/x),RegioHelden GmbH,"Köln, Deutschland",https://stackoverflow.com/jobs/450821
"Quality Engineer, II",ACV Auctions,"Buffalo, NY",https://stackoverflow.com/jobs/516956
Sr. Frontend Developer,EVS llc,"Westminster, CO",https://stackoverflow.com/jobs/525755
Sr .Net Developer,JBS Custom Software Solutions,No office location,https://stackoverflow.com/jobs/521450
DevOps Engineer,Imaginary Cloud,"Lisbon, Portugal",https://stackoverflow.com/jobs/522959
"Lead Polyglot Software Engineers – TDD, XP, JavaScript",Pragmateam,"Sydney, Australia",https://stackoverflow.com/jobs/519292
Senior Fullstack Developer - Java / Kotlin / Javascript,teckro,"Dublin 2, Ireland",https://stackoverflow.com/jobs/401733
Senior Frontend Engineer - Piñata Farms (Los Angeles),Unusual Ventures,"Los Angeles, CA",https://stackoverflow.com/jobs/490535
Back End Developer (PHP),Nurun,No office location,https://stackoverflow.com/jobs/523581
Softwareentwickler (m/w/d),TraveKom Telekommunikationsgesellschaft mbH,"Lübeck, Deutschland",https://stackoverflow.com/jobs/515963
Frontend Entwickler (m/w/d),MT AG - enabling the adaptive enterprise,"Ratingen, Deutschland",https://stackoverflow.com/jobs/518379
Senior Software Engineer II at Interactive Benefits Communications Platform,The Jellyvision Lab Inc.,No office location,https://stackoverflow.com/jobs/522831
Front End Developer,Nurun,No office location,https://stackoverflow.com/jobs/523579
Senior Fullstack Software Engineer (Java),Zuhlke Engineering Hongkong,Hong Kong,https://stackoverflow.com/jobs/432674
Senior Ruby on Rails Engineer,"Gorilla Logic, Inc.","Medellín, Colombia",https://stackoverflow.com/jobs/519606
Software Developer (m/f/d) AWS Cloud Technology / IIOT,Hahn Softwareentwicklung,No office location,https://stackoverflow.com/jobs/519008
Software Engineer,"WorkLLama, LLC","Alpharetta, GA",https://stackoverflow.com/jobs/457859
Full Stack -kehittäjiä,CGI Suomi,"Helsinki, Finland",https://stackoverflow.com/jobs/522769
ARCHITECTE SI (F/H),Octo Technology,"Paris, France",https://stackoverflow.com/jobs/445451
Full Stack Developer,Servian,"Sydney, Australia",https://stackoverflow.com/jobs/424942
Full Stack Web Developer (m/f/d),QuickBird Studios GmbH,"München, Germany",https://stackoverflow.com/jobs/367236
Experienced Java Developer with a lot of freedom in your work,TOPdesk,"Budapest, Hungary",https://stackoverflow.com/jobs/460593
Développeur Fullstack Python H/F,Institut du Cerveau – ICM,"Paris, France",https://stackoverflow.com/jobs/524505
Product Owner,Open Systems AG,"Zürich, Switzerland",https://stackoverflow.com/jobs/521991
Senior Front End engineer,QuantumBlack,"London, UK",https://stackoverflow.com/jobs/372741
Front-end Developer,Brainomix,"Oxford, UK",https://stackoverflow.com/jobs/516349
Fullstack Software Engineer (f/m/d),Trusted Shops GmbH,No office location,https://stackoverflow.com/jobs/523625
Azure Full Stack Developer,Innofactor Oyj,"Espoo, Finland",https://stackoverflow.com/jobs/517279
Senior Frontend Software Engineer (Europe),Circle,No office location,https://stackoverflow.com/jobs/496058
Lead Ruby on Rails Engineer - Remote,BiTE interactive,No office location,https://stackoverflow.com/jobs/518339
Full Stack Engineer,Beatrust Inc.,"Minato City, Japan",https://stackoverflow.com/jobs/429319
Full Stack Software Engineer,F-Secure,"London, UK",https://stackoverflow.com/jobs/514490
Software Development Architect (gn) C# / .NET,SoftwareONE Deutschland GmbH,"Leipzig, Germany",https://stackoverflow.com/jobs/526080
Fullstack Developer,funda,"Amsterdam, Netherlands",https://stackoverflow.com/jobs/517353
Senior Full Stack Developer,AutoRek,"Edinburgh, UK",https://stackoverflow.com/jobs/520638
QA Engineer (f/m/d),dreamIT GmbH,"Hamburg, Deutschland",https://stackoverflow.com/jobs/523988
Developer IoT (m/w/d),GASAG Solution Plus GmbH,"Berlin, Germany",https://stackoverflow.com/jobs/525458
Experienced Frontend Web Engineer (Mikketa Team),Scoville,"Shibuya City, Japan",https://stackoverflow.com/jobs/513039
Sr. Web Developer,Brave Software,No office location,https://stackoverflow.com/jobs/524877
Full Stack Developer,nowon AG,"Winterthur, Schweiz",https://stackoverflow.com/jobs/518957
Remote Ruby on Rails Developer (US or Canada),BiTE interactive,No office location,https://stackoverflow.com/jobs/518364
Fullstack Software Engineer (f/m/d),Trusted Shops GmbH,No office location,https://stackoverflow.com/jobs/523625
Software Engineer - SDVI DevOps,SDVI,No office location,https://stackoverflow.com/jobs/451626
Senior Frontend Software Engineer (Europe),Circle,No office location,https://stackoverflow.com/jobs/496058
JavaScript Developer,Kinsta,No office location,https://stackoverflow.com/jobs/522413
Full Stack Engineer,Beatrust Inc.,"Minato City, Japan",https://stackoverflow.com/jobs/429319
Full Stack Software Engineer,F-Secure,"London, UK",https://stackoverflow.com/jobs/514490
Software Development Architect (gn) C# / .NET,SoftwareONE Deutschland GmbH,"Leipzig, Germany",https://stackoverflow.com/jobs/526080
Software Developer (m/f/d) AWS Cloud Technology / IIOT,Hahn Softwareentwicklung,No office location,https://stackoverflow.com/jobs/519008
Full Stack Developer (Medior/Senior),Sungevity,"Amsterdam, Netherlands",https://stackoverflow.com/jobs/526179
QA Engineer (f/m/d),dreamIT GmbH,"Hamburg, Deutschland",https://stackoverflow.com/jobs/523988
Developer IoT (m/w/d),GASAG Solution Plus GmbH,"Berlin, Germany",https://stackoverflow.com/jobs/525458
Experienced Frontend Web Engineer (Mikketa Team),Scoville,"Shibuya City, Japan",https://stackoverflow.com/jobs/513039
Full Stack Developer,nowon AG,"Winterthur, Schweiz",https://stackoverflow.com/jobs/518957
Senior Front End Developer,Trafilea,No office location,https://stackoverflow.com/jobs/501496
Software Developer (gn) Java,SoftwareONE Deutschland GmbH,"Leipzig, Germany",https://stackoverflow.com/jobs/526079
Front-End Engineer,Mixam,"Watford, UK",https://stackoverflow.com/jobs/523992
Lead Node.js Developer - CRM,ABOUT YOU GmbH & Co. KG,"Hamburg, Deutschland",https://stackoverflow.com/jobs/521847
Senior Front-end / JS Developer (Remote),iubenda,"Milan, Italy",https://stackoverflow.com/jobs/513766
Software Engineer - Frontend,adidas Zaragoza Tech Hub,"Zaragoza, Spain",https://stackoverflow.com/jobs/500197
"PHP Developer (Marketplace, Blue Team)",eMAG,"Bucharest, Romania",https://stackoverflow.com/jobs/521603
Senior Fullstack Developer (f/m/x),kreuzwerker,"Berlin, Germany",https://stackoverflow.com/jobs/518073
Software Development Architect/Lead Developer (gn) Java,SoftwareONE Deutschland GmbH,"Leipzig, Germany",https://stackoverflow.com/jobs/526082
Medior/Senior Frontend Developer,memoQ,"Budapest, Hungary",https://stackoverflow.com/jobs/524487
React Web Developer,Carbonara,No office location,https://stackoverflow.com/jobs/510708
Lead Ruby on Rails Engineer - Remote,BiTE interactive,No office location,https://stackoverflow.com/jobs/518363
Senior Backend Developer,Quant,"London, UK",https://stackoverflow.com/jobs/499611
Software Engineering Manager,Quantum Mob,"Toronto, ON, Canada",https://stackoverflow.com/jobs/519030
Front-end Developer,Triple,"Alkmaar, Netherlands",https://stackoverflow.com/jobs/407700
Senior Java Developer,Worldline,"Stockholm, Sweden",https://stackoverflow.com/jobs/504950
Senior Frontend Engineer,Unusual Ventures,"Los Angeles, CA",https://stackoverflow.com/jobs/516450
Senior Backend Engineer,Unusual Ventures,"Los Angeles, CA",https://stackoverflow.com/jobs/516448
.NET Core Developer,Bilbayt,No office location,https://stackoverflow.com/jobs/492507
Senior Frontend Engineer,Maven Clinic,"New York, NY",https://stackoverflow.com/jobs/488058
Lead Node.js Developer - CRM,ABOUT YOU GmbH & Co. KG,"Hamburg, Deutschland",https://stackoverflow.com/jobs/521847
Senior Web Developer JavaScript (m/f/d) (based in Germany),ONE LOGIC GmbH,No office location,https://stackoverflow.com/jobs/517360
Senior Front-end / JS Developer (Remote),iubenda,"Milan, Italy",https://stackoverflow.com/jobs/513766
Java Fullstack Entwickler (m/w/d) - Weinheim & remote,objective partner AG,"Weinheim, Deutschland",https://stackoverflow.com/jobs/496584
JavaScript Developer,Kinsta,No office location,https://stackoverflow.com/jobs/522413
Pre Sales Solutions Engineer,Soul Machines Limited,"San Francisco, CA",https://stackoverflow.com/jobs/503600
Developer .Net / Développeur .Net,Grics,"Montréal, QC, Canada",https://stackoverflow.com/jobs/521899
Senior React Engineer NYC,"Clinical.ly, Inc.",No office location,https://stackoverflow.com/jobs/519607
Senior Fullstack Developer (f/m/x),kreuzwerker,"Berlin, Germany",https://stackoverflow.com/jobs/518073
Medior/Senior Frontend Developer,memoQ,"Budapest, Hungary",https://stackoverflow.com/jobs/524487
Lead Software Engineer - Game Optimization Platform,Voodoo.io,"Paris, France",https://stackoverflow.com/jobs/410368
React Web Developer,Carbonara,No office location,https://stackoverflow.com/jobs/510708
"Polyglot Software Engineer – TDD, XP, JavaScript",Pragmateam,"Melbourne, Australia",https://stackoverflow.com/jobs/523004
Tech Lead Backend Development (m/f/d),"AppLike Group - justDice, adjoe and Sunday","Hamburg, Deutschland",https://stackoverflow.com/jobs/506059
Frontend Software Engineer (React),Idelic Inc,"Pittsburgh, PA",https://stackoverflow.com/jobs/493257
Senior Software Engineer (m/f/d) (Graphical User Interface),Worldline,"Sindelfingen, Deutschland",https://stackoverflow.com/jobs/509377
Senior Full Stack Software Engineer,Samotics,"Leiden, Netherlands",https://stackoverflow.com/jobs/516831
Full Stack Software Engineer (Ruby on Rails),"CoFi, Inc.",No office location,https://stackoverflow.com/jobs/518606
Developer .Net / Développeur .Net,Grics,"Montréal, QC, Canada",https://stackoverflow.com/jobs/521899
Senior Frontend Engineer,Unusual Ventures,"Los Angeles, CA",https://stackoverflow.com/jobs/516450
"Senior Software Developer, Web Frontend",Feed Media Inc,No office location,https://stackoverflow.com/jobs/510886
Senior Web Developer JavaScript (m/f/d) (based in Germany),ONE LOGIC GmbH,No office location,https://stackoverflow.com/jobs/517360
Pre Sales Solutions Engineer,Soul Machines Limited,"San Francisco, CA",https://stackoverflow.com/jobs/503600
Senior Frontend Developer - Angular,Zyte (formerly Scrapinghub),No office location,https://stackoverflow.com/jobs/525199
Fullstack Developer [Dutch Speaking],Triple,"Alkmaar, Netherlands",https://stackoverflow.com/jobs/407725
Head of Engineering [m/w/d],StackFuel GmbH,"Berlin, Deutschland",https://stackoverflow.com/jobs/522752
Full Stack Developer,ECI Software Solutions,No office location,https://stackoverflow.com/jobs/515730
Solution Architect (f/m/diverse),Eurowings Digital GmbH,"Köln, Deutschland",https://stackoverflow.com/jobs/368535
"Software developer, full stack - Stockholm",Columbia Road,"Stockholm, Sweden",https://stackoverflow.com/jobs/443002
Backend Developer,Quant,"London, UK",https://stackoverflow.com/jobs/499172
Senior Quality Engineer & Quality Engineer-Remote US (Level based on experience),Ultranauts Inc,No office location,https://stackoverflow.com/jobs/514642
Frontend Developer (Associate) - Consumer Industry Cloud,SAP,"Pudong, China",https://stackoverflow.com/jobs/494223
Full Stack Developer (Node.js),Grand Parade,"Kraków, Poland",https://stackoverflow.com/jobs/466419
Senior JavaScript Engineer,Fullscript,No office location,https://stackoverflow.com/jobs/525206
"Software developer, full stack - Helsinki",Columbia Road,"Helsinki, Finland",https://stackoverflow.com/jobs/431663
Frontend Developer (m/f/d),devterm IT Solutions,No office location,https://stackoverflow.com/jobs/522021
Senior React Developer,Supermetrics Oy,"Helsinki, Finland",https://stackoverflow.com/jobs/524132
Senior Full Stack Developer - Remote,Insider,No office location,https://stackoverflow.com/jobs/456301
Engineering Manager - Frontend & Mobile (m/f/d),Motius GmbH,"München, Deutschland",https://stackoverflow.com/jobs/525261
Senior Full Stack Software Engineer,Leapsome GmbH,"Berlin, Deutschland",https://stackoverflow.com/jobs/526077
Senior Software Engineer,NowPow,"Chicago, IL",https://stackoverflow.com/jobs/524159
Hackers wanted - UI/UX Engineer (m/f/d),freiheit.com technologies,"Hamburg, Deutschland",https://stackoverflow.com/jobs/91520
Experienced Frontend Engineer - React - Remote,"Theorem, LLC",No office location,https://stackoverflow.com/jobs/524262
1x Software Architect/Lead (Cloud) & 1x Senior DevOps Engineer,Solar And Storage Modelling Pty Ltd (Solcast),"Leichhardt, Australia",https://stackoverflow.com/jobs/434165
Data Science and Analytics Engineer,MITRE,"McLean, VA",https://stackoverflow.com/jobs/523959
Senior Tech Engineer (Front-end),Voodoo.io,"Paris, France",https://stackoverflow.com/jobs/430364
Ingénieur Automatisation Validation Software,Worldline,"Paris, France",https://stackoverflow.com/jobs/503474
Full Stack Engineer,AMBOSS,"Berlin, Germany",https://stackoverflow.com/jobs/524868
"Senior Software Engineer, Front-end Focused",Radix DLT,No office location,https://stackoverflow.com/jobs/465700
Full Stack Developer,Facile.it,"Milan, Italy",https://stackoverflow.com/jobs/441392
(Senior) Full-Stack Engineer (f/m/d) for Strategic Platform Innovations,SAP,"Berlin, Germany",https://stackoverflow.com/jobs/526259
Scrum Master,springbig inc.,"Boca Raton, FL",https://stackoverflow.com/jobs/525768
Front-end Designer (Australia - remote),Octopus Deploy,No office location,https://stackoverflow.com/jobs/525455
JavaScript Developer,Fullscript,No office location,https://stackoverflow.com/jobs/522483
Senior Full Stack Software Engineer,Leapsome GmbH,"Berlin, Deutschland",https://stackoverflow.com/jobs/526077
Application Developer - Principal Consultant,AIM,"Minneapolis, MN",https://stackoverflow.com/jobs/524483
"Frontend Engineer, Web",Aaqua,Singapore,https://stackoverflow.com/jobs/493601
Senior Platform Services Software Engineer (Europe),Circle,No office location,https://stackoverflow.com/jobs/496059
Senior PHP Developer,Defiant Inc,No office location,https://stackoverflow.com/jobs/500281
Developer  C++C# / Développeur C# C++,Grics,"Montréal, QC, Canada",https://stackoverflow.com/jobs/521898
Engineering Manager- Data retrieval and Scraping,Belvo Finance SL,No office location,https://stackoverflow.com/jobs/524480
"Full Stack Engineer (React, Node, AWS) - LATAM Remote",Modus Create,No office location,https://stackoverflow.com/jobs/522448
Front End Engineer (React),Modus Create,No office location,https://stackoverflow.com/jobs/523134
Senior Platform Services Software Engineer (United States and Canada),Circle,No office location,https://stackoverflow.com/jobs/496060
"Full Stack Developer (Remote, Canada)",Crowdlinker,"Toronto, ON, Canada",https://stackoverflow.com/jobs/524311
フロントエンドエンジニア,HENNGE K.K.,"Tokyo, Japan",https://stackoverflow.com/jobs/381284
Full Stack Engineer (f/m/d) - Core Engineering Team,Receeve GmbH,"Hamburg, Deutschland",https://stackoverflow.com/jobs/351277
Senior WordPress Plugin Developer,Delicious Brains Inc,No office location,https://stackoverflow.com/jobs/521732
"Senior Software Engineer IV, Front-End",ACV Auctions,"Buffalo, NY",https://stackoverflow.com/jobs/524729
Senior Front-end Developer for Ankara Office,Insider,"Ankara, Turkey",https://stackoverflow.com/jobs/516377
Frontend Developer to build the leading Platform for ML,Hugging Face,"Paris, France",https://stackoverflow.com/jobs/448344
Senior Full-Stack Developer,Lastmile Retail,No office location,https://stackoverflow.com/jobs/523843
Senior Software Developer,SSENSE,"Toronto, ON, Canada",https://stackoverflow.com/jobs/521748
(Junior) Java Engineer at Bosch IoT Start-up,Security and Safety Things GmbH (A Bosch IoT Start-Up),"München, Germany",https://stackoverflow.com/jobs/505592
Senior Front-end Developer (Remote),SORAMITSU,"Innopolis, Russia",https://stackoverflow.com/jobs/522571
Senior Software Developer,SSENSE,"Montreal, QC, Canada",https://stackoverflow.com/jobs/521747
Senior Software Developer,SSENSE,"Ottawa, ON, Canada",https://stackoverflow.com/jobs/521746
Software Developer (remote or onsite),Aptera Software,"Fort Wayne, IN",https://stackoverflow.com/jobs/455016
Software Developer / Product Owner,Knowit,"Gothenburg, Sweden",https://stackoverflow.com/jobs/473444
Software Engineer,WiseTech Global Ltd.,"Sydney, Australia",https://stackoverflow.com/jobs/496278
Senior Web Developer,Beast Code,"Fort Walton Beach, FL",https://stackoverflow.com/jobs/219673
Senior Software Engineer,SimpleNexus LLC,No office location,https://stackoverflow.com/jobs/523125
"Manager, Software Engineering (United States and Canada)",Circle,No office location,https://stackoverflow.com/jobs/496048
Java-Softwareentwickler (w/m/d),parcIT GmbH,"Köln, Deutschland",https://stackoverflow.com/jobs/524114
Full Stack Developer (ReactJS) - Remote,"Ascella Technologies, Inc.","Washington, DC",https://stackoverflow.com/jobs/522498
Senior Full Stack Engineer (Remote OR NYC),Noom,"New York, NY",https://stackoverflow.com/jobs/283522
Experienced Front End Engineer,AE nv/sa,"Leuven, Belgium",https://stackoverflow.com/jobs/523553
Senior Ruby on Rails Developer (f/m/div) in FinTech,PAIR Finance GmbH,"Berlin, Deutschland",https://stackoverflow.com/jobs/525483
DevOps Engineer,Harlem Next,"Haarlem, Netherlands",https://stackoverflow.com/jobs/423490
Développeur fullstack,Digital4Better,"Nantes, France",https://stackoverflow.com/jobs/515925
"Manager, Software Engineering (Europe)",Circle,No office location,https://stackoverflow.com/jobs/496049
Softwareentwickler (m/w/d) C# Healthcare,Meierhofer AG,"Berlin, Deutschland",https://stackoverflow.com/jobs/445033
"Manager, Software Engineering (Europe)",Circle,No office location,https://stackoverflow.com/jobs/496049
Ruby on Rails Developer (f/m/div) in FinTech,PAIR Finance GmbH,"Berlin, Deutschland",https://stackoverflow.com/jobs/424974
DevOps Cloud Engineer m/w/d,MARC O'POLO International GmbH,"Stephanskirchen, Deutschland",https://stackoverflow.com/jobs/519984
Senior Frontend Developer,Aluna,"San Francisco, CA",https://stackoverflow.com/jobs/522375
TECH LEAD (F/H),Octo Technology,"Paris, France",https://stackoverflow.com/jobs/445447
Senior PHP Developer,Huboo Technologies Ltd,"Bristol, UK",https://stackoverflow.com/jobs/512666
Senior Frontend Developer,Aluna,"San Francisco, CA",https://stackoverflow.com/jobs/512389
